<?xml version="1.0" encoding="utf-8" standalone="yes"?>
<rss version="2.0" xmlns:atom="http://www.w3.org/2005/Atom">
  <channel>
    <title>My New Hugo Site</title>
    <link>//example.org/</link>
    <description>Recent content on My New Hugo Site</description>
    <generator>Hugo -- gohugo.io</generator>
    <language>en-us</language>
    <lastBuildDate>Fri, 13 Dec 2019 18:05:46 -0500</lastBuildDate>
    
	<atom:link href="//example.org/index.xml" rel="self" type="application/rss+xml" />
    
    
    <item>
      <title>My First Post11</title>
      <link>//example.org/posts/md.html</link>
      <pubDate>Fri, 13 Dec 2019 18:05:46 -0500</pubDate>
      
      <guid>//example.org/posts/md.html</guid>
      <description>#Introduction
 Our project is called assistant for restaurant site selection (ARSS),a web-based service.
The goal of ARSS is to give restaurant owner a report about their businesses’ or their potential business’s local surrounding information and provide a suggestion score based on their customized weight factors.
Furthermore, it can give a report that if I want to or already have a restaurant here, what features I should care most to make my restaurant be more popular.</description>
    </item>
    
  </channel>
</rss>